MONTH,1,2,3,4,5,6,7,8,9,10,11,12,13,14,15,16,17,18,19,20,21,22,23,24,25,26,27,28,29,30,31,32,33,34,35,36,37,38,39,40,41,42,43,44,45,46,47,48,49,50,51,52,53,54,55,56,57,58,59,60,61,62,63,64,65,66,67,68,69,70,71,72,73,74,75,76,77,78,79,80,81,82,83,84,85,86,87,88,89,90,91,92,93,94,95,96,97,98,99,100,101,102,103,104,105,106,107,108,109,110,111,112,113,114,115,116,117,118,119,120
December,st,cir,st,st,st,st,nim,nim,nim,nim,nim,nim,st,cu,cu,st,st,st,st,st,st,st,st,nim,nim,nim,nim,nim,st,cir,st,st,st,CLOUDLESS,CLOUDLESS,st,nim,nim,nim,nim,st,nim,nim,nim,st,st,CLOUDLESS,CLOUDLESS,cir,cir,CLOUDLESS,CLOUDLESS,nim,nim,nim,CLOUDLESS,cir,CLOUDLESS,CLOUDLESS,CLOUDLESS,CLOUDLESS,CLOUDLESS,nim,nim,CLOUDLESS,cir,cir,st,st,st,cir,CLOUDLESS,nim,nim,nim,st,CLOUDLESS,CLOUDLESS,CLOUDLESS,CLOUDLESS,st,nim,nim,nim,st,st,CLOUDLESS,CLOUDLESS,CLOUDLESS,CLOUDLESS,st,st,st,st,st,st,st,st,st,st,st,nim,nim,nim,st,st,st,nim,nim,nim,nim,st,nim,nim,nim,nim,nim,nim,nim,nim
January,nim,nim,nim,st,st,st,st,st,st,st,st,st,st,st,st,st,nim,nim,nim,st,st,st,st,st,st,st,cir,cir,nim,nim,nim,st,st,st,st,st,st,st,st,st,CLOUDLESS,CLOUDLESS,CLOUDLESS,CLOUDLESS,st,CLOUDLESS,CLOUDLESS,CLOUDLESS,st,st,st,st,st,st,st,st,st,st,nim,nim,CLOUDLESS,CLOUDLESS,CLOUDLESS,CLOUDLESS,st,st,st,st,st,nim,nim,nim,st,st,st,st,st,st,st,st,CLOUDLESS,CLOUDLESS,CLOUDLESS,CLOUDLESS,st,st,st,st,st,st,st,st,st,st,st,st,st,st,st,st,nim,nim,st,CLOUDLESS,st,CLOUDLESS,CLOUDLESS,CLOUDLESS,st,CLOUDLESS,CLOUDLESS,CLOUDLESS,CLOUDLESS,st,st,st,nim,nim,nim,nim
February,st,nim,nim,st,st,st,st,st,st,st,st,st,st,st,CLOUDLESS,CLOUDLESS,CLOUDLESS,CLOUDLESS,CLOUDLESS,CLOUDLESS,st,st,st,CLOUDLESS,st,st,CLOUDLESS,CLOUDLESS,st,st,st,st,CLOUDLESS,cu,cu,CLOUDLESS,st,st,st,CLOUDLESS,CLOUDLESS,cir,st,st,st,st,st,st,st,CLOUDLESS,CLOUDLESS,st,st,st,st,st,st,st,st,st,st,nim,nim,st,st,st,st,st,CLOUDLESS,CLOUDLESS,CLOUDLESS,st,CLOUDLESS,CLOUDLESS,CLOUDLESS,CLOUDLESS,st,st,st,st,st,st,st,st,st,st,st,st,nim,nim,st,st,st,st,st,st,st,st,st,st,nim,nim,st,CLOUDLESS,CLOUDLESS,CLOUDLESS,CLOUDLESS,CLOUDLESS,st,nim,nim,st,nim,nim,nim,nim,st,CLOUDLESS,CLOUDLESS,CLOUDLESS
March,st,nim,nim,nim,st,st,st,st,CLOUDLESS,CLOUDLESS,CLOUDLESS,CLOUDLESS,st,st,st,st,st,st,st,st,nim,nim,nim,nim,nim,st,st,st,CLOUDLESS,CLOUDLESS,CLOUDLESS,st,CLOUDLESS,CLOUDLESS,cu,cu,CLOUDLESS,st,nim,nim,nim,nim,nim,nim,st,cu,cu,st,st,st,st,st,st,st,st,CLOUDLESS,cir,cir,cu,st,st,st,st,cir,st,st,st,st,st,st,st,st,st,st,st,st,st,cu,cu,st,CLOUDLESS,CLOUDLESS,st,CLOUDLESS,CLOUDLESS,CLOUDLESS,st,st,st,st,st,st,st,CLOUDLESS,CLOUDLESS,CLOUDLESS,st,st,st,st,st,st,st,st,st,st,st,st,st,cu,CLOUDLESS,CLOUDLESS,st,nim,nim,nim,nim,nim,nim,nim
April,st,st,st,nim,nim,nim,nim,nim,st,st,st,st,st,CLOUDLESS,CLOUDLESS,CLOUDLESS,st,nim,nim,st,CLOUDLESS,CLOUDLESS,cir,CLOUDLESS,CLOUDLESS,CLOUDLESS,CLOUDLESS,CLOUDLESS,cir,cir,cir,st,st,st,cir,st,nim,nim,nim,nim,nim,nim,nim,nim,nim,nim,st,st,st,st,st,st,nim,cu,cu,st,st,st,st,st,st,cu,cu,st,st,st,st,st,st,cu,cu,st,st,st,st,st,st,st,st,st,st,cu,CLOUDLESS,CLOUDLESS,CLOUDLESS,cu,st,cir,CLOUDLESS,CLOUDLESS,st,st,st,st,st,nim,nim,CLOUDLESS,st,st,nim,nim,st,st,nim,nim,nim,st,CLOUDLESS,CLOUDLESS,CLOUDLESS,cu,cu,st,CLOUDLESS,CLOUDLESS,cir,st,st,st
May,nim,nim,nim,st,CLOUDLESS,cir,st,st,nim,nim,cu,st,st,st,st,CLOUDLESS,cir,cir,cir,st,cir,cir,CLOUDLESS,st,st,st,st,nim,nim,cu,nim,nim,cir,st,st,st,cir,cir,cir,st,st,st,st,st,st,cir,st,st,st,st,CLOUDLESS,CLOUDLESS,st,st,st,st,nim,st,nim,nim,nim,nim,nim,st,st,cu,cu,st,st,nim,nim,cir,nim,cu,cu,cir,cir,st,st,st,st,cir,cir,st,st,cu,CLOUDLESS,CLOUDLESS,nim,nim,cir,st,st,st,st,st,st,st,CLOUDLESS,CLOUDLESS,st,nim,nim,nim,nim,nim,st,st,cu,cu,cir,st,CLOUDLESS,cu,st,st,st,cir,CLOUDLESS,CLOUDLESS
June,cir,st,st,st,nim,st,nim,nim,CLOUDLESS,cu,cir,CLOUDLESS,CLOUDLESS,CLOUDLESS,cir,cir,st,st,st,st,nim,nim,cu,st,cir,cu,CLOUDLESS,CLOUDLESS,cir,cir,cir,st,nim,nim,cu,st,cu,cu,st,st,CLOUDLESS,cu,st,st,st,st,st,st,CLOUDLESS,cu,cu,CLOUDLESS,CLOUDLESS,CLOUDLESS,CLOUDLESS,CLOUDLESS,cir,st,st,st,st,st,st,st,st,CLOUDLESS,CLOUDLESS,CLOUDLESS,CLOUDLESS,CLOUDLESS,CLOUDLESS,CLOUDLESS,st,st,cir,cir,CLOUDLESS,CLOUDLESS,CLOUDLESS,st,st,st,st,CLOUDLESS,cir,cir,cir,CLOUDLESS,st,st,st,st,cir,CLOUDLESS,CLOUDLESS,st,CLOUDLESS,st,st,CLOUDLESS,CLOUDLESS,cu,cu,st,CLOUDLESS,CLOUDLESS,st,st,CLOUDLESS,CLOUDLESS,cu,CLOUDLESS,CLOUDLESS,CLOUDLESS,CLOUDLESS,cu,CLOUDLESS,cir,cu,st
July,st,cu,cu,st,nim,nim,nim,nim,st,cu,cu,CLOUDLESS,CLOUDLESS,cu,cu,st,CLOUDLESS,cir,st,st,st,cu,cu,st,nim,nim,st,st,st,cu,cu,CLOUDLESS,st,st,st,st,st,st,st,st,nim,cu,CLOUDLESS,CLOUDLESS,CLOUDLESS,cu,cu,CLOUDLESS,CLOUDLESS,cu,st,st,CLOUDLESS,cu,st,st,st,cu,st,st,CLOUDLESS,CLOUDLESS,CLOUDLESS,cir,cir,cu,cu,CLOUDLESS,CLOUDLESS,CLOUDLESS,CLOUDLESS,CLOUDLESS,CLOUDLESS,st,st,CLOUDLESS,CLOUDLESS,CLOUDLESS,st,st,CLOUDLESS,CLOUDLESS,CLOUDLESS,CLOUDLESS,CLOUDLESS,cu,cu,CLOUDLESS,CLOUDLESS,CLOUDLESS,CLOUDLESS,CLOUDLESS,CLOUDLESS,CLOUDLESS,CLOUDLESS,CLOUDLESS,nim,nim,nim,nim,st,st,st,CLOUDLESS,cir,cu,cu,CLOUDLESS,CLOUDLESS,st,st,st,st,st,st,st,st,st,CLOUDLESS,CLOUDLESS
August,CLOUDLESS,cu,st,st,st,cu,cu,st,nim,nim,nim,nim,nim,st,st,st,st,cu,nim,nim,nim,nim,nim,st,st,st,st,st,st,CLOUDLESS,CLOUDLESS,st,CLOUDLESS,CLOUDLESS,CLOUDLESS,CLOUDLESS,CLOUDLESS,CLOUDLESS,CLOUDLESS,CLOUDLESS,CLOUDLESS,CLOUDLESS,CLOUDLESS,CLOUDLESS,cir,CLOUDLESS,CLOUDLESS,CLOUDLESS,CLOUDLESS,CLOUDLESS,st,st,st,cu,cu,st,CLOUDLESS,cu,cu,CLOUDLESS,st,cu,cu,st,st,nim,nim,st,CLOUDLESS,cu,cu,st,st,st,st,CLOUDLESS,st,st,st,st,st,cu,cu,st,st,st,CLOUDLESS,CLOUDLESS,CLOUDLESS,CLOUDLESS,CLOUDLESS,CLOUDLESS,CLOUDLESS,CLOUDLESS,CLOUDLESS,CLOUDLESS,CLOUDLESS,CLOUDLESS,CLOUDLESS,CLOUDLESS,CLOUDLESS,CLOUDLESS,st,st,nim,nim,st,st,st,st,st,st,st,st,CLOUDLESS,CLOUDLESS,st,st,st,st
September,nim,nim,cu,st,CLOUDLESS,cir,st,st,st,st,cu,nim,st,nim,nim,nim,nim,nim,nim,nim,st,st,st,st,CLOUDLESS,CLOUDLESS,st,st,nim,cu,cu,cir,nim,nim,st,st,nim,cu,st,st,nim,nim,nim,nim,st,nim,nim,st,st,st,st,st,st,st,cu,nim,st,cu,cu,st,st,cu,cu,CLOUDLESS,CLOUDLESS,CLOUDLESS,cu,CLOUDLESS,nim,cu,cu,st,st,cu,CLOUDLESS,CLOUDLESS,CLOUDLESS,st,cu,CLOUDLESS,cir,cir,cir,CLOUDLESS,st,st,st,st,st,nim,nim,st,st,st,st,nim,st,cu,cu,st,st,st,st,CLOUDLESS,st,st,st,st,cir,cir,st,st,st,nim,nim,st,nim,nim,st,st
October,cir,nim,nim,st,nim,nim,nim,nim,st,st,st,st,st,cu,cu,CLOUDLESS,CLOUDLESS,CLOUDLESS,st,CLOUDLESS,CLOUDLESS,nim,nim,nim,CLOUDLESS,cu,cu,CLOUDLESS,st,cu,st,st,st,st,CLOUDLESS,CLOUDLESS,st,st,st,CLOUDLESS,CLOUDLESS,st,st,st,st,st,nim,nim,nim,nim,nim,nim,st,st,st,st,nim,nim,st,nim,st,nim,nim,st,st,st,st,CLOUDLESS,CLOUDLESS,CLOUDLESS,st,CLOUDLESS,st,st,st,st,st,st,st,st,st,st,st,CLOUDLESS,CLOUDLESS,st,st,CLOUDLESS,st,st,st,st,st,st,st,st,st,st,st,CLOUDLESS,cir,CLOUDLESS,st,st,st,nim,nim,nim,nim,nim,nim,nim,st,st,st,st,st,st,st,st
November,CLOUDLESS,CLOUDLESS,CLOUDLESS,CLOUDLESS,CLOUDLESS,CLOUDLESS,CLOUDLESS,CLOUDLESS,st,st,CLOUDLESS,CLOUDLESS,nim,nim,nim,nim,st,st,st,st,CLOUDLESS,st,st,st,st,nim,nim,nim,nim,nim,nim,nim,nim,nim,nim,nim,nim,nim,st,st,st,st,st,CLOUDLESS,CLOUDLESS,st,st,st,nim,nim,nim,nim,st,st,st,CLOUDLESS,CLOUDLESS,nim,nim,st,CLOUDLESS,CLOUDLESS,CLOUDLESS,CLOUDLESS,st,nim,nim,nim,nim,st,st,st,st,st,st,CLOUDLESS,st,st,st,st,nim,nim,nim,nim,st,st,st,st,st,st,CLOUDLESS,CLOUDLESS,CLOUDLESS,st,st,st,st,st,st,CLOUDLESS,st,st,st,st,nim,nim,st,st,nim,nim,st,nim,nim,st,st,CLOUDLESS,st,cu,cu,st